Entry #,Event Date,Event Location,Weightclass,FighterAName,FighterBName,AAge,BAge,FighterAWin ,AHometownHero,BHometownHero,AHeight,AReach,BHeight,BReach,ATotalFightsPrior,AWinsPrior,AWinByKOPrior,AWinBySubPrior,AWinByDecPrior,ALossesPrior,ALossByKOPrior,ALossBySubPrior,ALossByDecPrior,ADrawsPrior,ANoContestPrior,BTotalFightsPrior,BWinsPrior,BWinByKO,BWinBySub,BWinByDecision,BLossesPrior,BLossByKO,BLossBySub,BLossByDec,BDrawsPrior,BNoContestPrior,Astance,Bstance,MainCard, MainEvent,ASigStrikesLPM,ASigStrikingAccuracy,ASigStrikesAPM,ASigStrikeDefence,ATDAvg,ATDAcc,ATDDef,ASubAvg,BSigStrikesLPM,BSigStrikingAccuracy,BSigStrikesAPM,BSigStrikeDefence,BTDAvg,BTDAcc,BTDDef,BSubAvg,"Date Career 
Stats Entered",AgeDiff,HeightDiff,ReachDiff,AWinPercentage,BWinPercentage,AApeFactor,BApeFactor,ApeDiff,AOrthodox,ASouthpaw,ASwitch,BOrthodox,BSouthpaw,BSwitch,OrthOrth,OrthSouth,OrthSwitch,SouthOrth,SouthSouth,SouthSwitch,SwitchOrth,SwitchSouth,SwitchSwitch,ADamTakenPM,ADamInflictedPM
1,2/22/20,"Aukland, New Zealand",Lightweight,Dan Hooker,Paul Felder,30,34,1,1,0,72,75,71,70,27,19,10,7,2,8,1,2,5,0,0,21,17,10,1,6,4,1,0,3,0,0,Switch,Orthodox,1,1,4.76,45%,4.67,55%,0.43,28%,78%,0.3,3.67,43%,3.4,49%,0.25,25%,61%,0.2,3/7/20,-4,1,5,0.7037,0.8095,3,-1,4,0,0,1,1,0,0,0,0,0,0,0,0,1,0,0,1,1.36
2,2/22/20,"Aukland, New Zealand",Light Heavyweight,Jim Crute,Michal Oleksiejczuk,23,25,1,1,0,74,74,72,74,11,10,4,3,3,1,0,1,0,0,0,18,14,4,3,3,3,1,2,0,0,1,Orthodox,Southpaw,1,0,4.08,55%,2.23,53%,4.63,81%,60%,2.6,4.83,56%,2.91,69%,1.05,66%,35%,0,3/7/20,-2,2,0,0.9091,0.7778,0,2,-2,1,0,0,0,1,0,0,1,0,0,0,0,0,0,0,-2.6,1.17
3,2/22/20,"Aukland, New Zealand",Women's Strawweight,Xiaonan Yan,Karolina Kowalkiewicz,30,34,1,0,0,65,63,63,64,13,11,5,0,6,1,0,1,0,0,1,17,12,1,2,9,5,1,1,3,0,0,Orthodox,Orthodox,1,0,6.72,42%,3.88,63%,1.2,75%,70%,0,5.27,39%,5.65,56%,0.1,12%,75%,0.1,3/7/20,-4,2,-1,0.8462,0.7059,-2,1,-3,1,0,0,1,0,0,1,0,0,0,0,0,0,0,0,-1.39,1.07
4,2/22/20,"Aukland, New Zealand",Heavyweight,Marcos Rogerio de Lima,Ben Sosoli,34,30,1,0,1,73,75,72,72,23,16,11,3,2,6,1,4,1,1,0,12,7,6,0,1,3,0,0,2,0,2,Orthodox,Southpaw,1,0,3.78,54%,2.63,54%,0.76,60%,36%,0.8,2.31,31%,4.3,47%,0,0%,0%,0,3/7/20,4,1,3,0.6957,0.5833,2,0,2,1,0,0,0,1,0,0,1,0,0,0,0,0,0,0,0.32,-0.52
5,2/22/20,"Aukland, New Zealand",Lightweight,Brad Riddell,Magomed Mustafaev,28,31,1,1,0,67,71,68,71,8,7,5,0,2,1,0,1,0,0,0,16,14,10,4,3,2,0,2,0,0,0,Orthodox,Orthodox,1,0,4.3,57%,2.13,54%,1,100%,57%,0,2.59,58%,2.68,41%,3.31,50%,23%,0.4,3/7/20,-3,-1,0,0.875,0.875,4,3,1,1,0,0,1,0,0,1,0,0,0,0,0,0,0,0,-0.46,1.62
6,2/15/20,"Rio Rancho, New Mexico, USA",Light Heavyweight,Jan Blachowicz,Corey Anderson,37,30,1,0,0,74,78,75,79,33,25,6,9,10,8,2,1,5,0,0,17,13,5,0,8,4,3,0,1,0,0,Orthodox,Orthodox,1,1,3.45,48%,2.77,54%,1.16,52%,65%,0.3,4.43,46%,2.22,59%,4.89,50%,83%,0,3/7/20,7,-1,-1,0.7576,0.7647,4,4,0,1,0,0,1,0,0,1,0,0,0,0,0,0,0,0,-1.66,1.23
7,2/15/20,"Rio Rancho, New Mexico, USA",Welterweight,Diego Sanchez,Michel Pereira,38,26,1,1,0,70,72,73,73,41,29,10,6,13,12,4,0,8,0,0,35,23,10,6,7,10,1,1,8,0,2,Southpaw,Orthodox,1,0,2.73,38%,2.95,56%,1.57,24%,46%,0.9,3.04,51%,3.04,52%,2,57%,100%,0,3/7/20,12,-3,-1,0.7073,0.6571,2,0,2,0,1,0,1,0,0,0,0,0,1,0,0,0,0,0,-0.09,-0.31
8,2/15/20,"Rio Rancho, New Mexico, USA",Women's Flyweight,Mara Romero Borella,Montana De La Rosa,33,25,0,0,1,66,69,67,68,20,12,3,4,5,6,4,1,1,0,2,15,10,0,8,2,5,1,1,3,0,0,Orthodox,Not Listed,1,0,2.61,36%,2.6,71%,1.51,42%,66%,0.2,2.3,33%,2.8,49%,2.22,33%,50%,1.9,3/7/20,8,-1,1,0.6,0.6667,3,1,2,1,0,0,0,0,0,0,0,0,0,0,0,0,0,0,0.3,-0.19
9,2/15/20,"Rio Rancho, New Mexico, USA",Lightweight,Kazula Vargas,Brok Weaver,34,28,0,0,1,68,71,72,73,14,11,7,3,1,3,0,1,2,0,0,18,14,2,3,9,4,1,1,2,0,0,Southpaw,Southpaw,1,0,1.84,49%,1.16,54%,0.79,33%,25%,0,5.57,73%,2.84,37%,0,0%,70%,0.8,3/8/20,6,-4,-2,0.7857,0.7778,3,1,2,0,1,0,0,1,0,0,0,0,0,1,0,0,0,0,-4.41,-1
10,2/15/20,"Rio Rancho, New Mexico, USA",Flyweight,Rogerio Bontorin,Ray Borg,27,26,0,0,1,65,67,64,63,18,16,3,11,2,1,0,1,0,0,1,16,12,1,6,5,4,0,1,3,0,0,Orthodox,Orthodox,1,0,2.3,52%,3.17,38%,1.76,35%,51%,1.1,1.36,52%,1.68,46%,4.26,51%,50%,1.1,3/8/20,1,1,4,0.8889,0.75,2,-1,3,1,0,0,1,0,0,1,0,0,0,0,0,0,0,0,1.81,0.62
11,2/15/20,"Rio Rancho, New Mexico, USA",Lightweight,Yancy Medeiros,Lando Vannata,32,27,0,0,0,70,75,69,71,22,15,8,4,3,6,4,1,1,0,1,16,10,4,5,1,4,0,1,3,2,0,Orthodox,Orthodox,1,0,4.05,35%,5.38,46%,0.12,25%,76%,0.5,4.72,44%,4.73,56%,1.15,36%,64%,0.4,3/8/20,5,1,4,0.6818,0.625,5,2,3,1,0,0,1,0,0,1,0,0,0,0,0,0,0,0,0.66,-0.68
12,2/8/20,"Houston, Texas, USA",Light Heavyweight,Dominick Reyes,Jon Jones,30,32,0,0,0,76,77,76,84,12,12,7,2,3,0,0,0,0,0,0,27,25,10,6,9,1,0,0,1,0,1,Southpaw,Orthodox,1,1,4.88,49%,3,48%,0.24,16%,82%,0.2,4.3,57%,2.22,64%,1.85,44%,95%,0.4,3/8/20,-2,0,-7,1,0.9259,1,8,-7,0,1,0,1,0,0,0,0,0,1,0,0,0,0,0,-1.3,2.66
13,2/8/20,"Houston, Texas, USA",Women's Flyweight,Katlyn Chookagian,Valentina Shevchenko,31,32,0,0,0,69,68,65,66,15,13,2,1,10,2,0,0,2,0,0,21,18,5,7,6,3,1,0,2,0,0,Orthodox,Southpaw,1,0,4.11,32%,4.49,63%,0,0%,50%,0.1,3.06,50%,2.12,63%,2.09,54%,77%,0.4,3/8/20,-1,4,2,0.8667,0.8571,-1,1,-2,1,0,0,0,1,0,0,1,0,0,0,0,0,0,0,1.43,1.99
14,2/8/20,"Houston, Texas, USA",Heavyweight,Juan Adams,Justin Tafa,28,26,0,1,0,77,80,72,74,7,5,5,0,0,2,1,0,1,0,0,4,3,3,0,0,1,1,0,0,0,0,Orthodox,Southpaw,1,0,7.09,55%,4.06,34%,0.91,66%,57%,0,3.86,66%,2.65,52%,0,0%,0%,0,3/10/20,2,5,6,0.7143,0.75,3,2,1,1,0,0,0,1,0,0,1,0,0,0,0,0,0,0,0.2,4.44
15,2/8/20,"Houston, Texas, USA",Featherweight,Dan Ige,Mirsad Bektic,28,29,1,0,0,67,71,68,70,14,12,3,5,4,2,0,0,2,0,0,15,13,6,3,4,2,2,0,0,0,0,Orthodox,Orthodox,1,0,3.89,49%,2.69,62%,2.38,35%,61%,0.8,2.59,41%,1.89,58%,3.32,47%,92%,0.5,3/10/20,-1,-1,1,0.8571,0.8667,4,2,2,1,0,0,1,0,0,1,0,0,0,0,0,0,0,0,0.1,2
16,2/8/20,"Houston, Texas, USA",Heavyweight,Ilir Latifi,Derrick Lewis,36,35,0,0,1,70,73,75,79,23,15,6,5,4,7,4,0,3,0,1,30,22,18,1,3,7,4,1,2,0,1,Orthodox,Orthodox,1,0,2.01,40%,2.84,56%,2.02,32%,100%,0.4,2.53,49%,2.14,44%,0.48,24%,53%,0,3/10/20,1,-5,-6,0.6522,0.7333,3,4,-1,1,0,0,1,0,0,1,0,0,0,0,0,0,0,0,0.31,-0.13
17,1/25/20,"Raleigh, North Carolina, USA",Heavyweight,Curtis Blaydes,Junior Dos Santos,29,36,1,0,0,76,80,76,77,15,12,9,0,3,2,2,0,0,0,1,27,21,15,1,5,6,4,1,1,0,0,Orthodox,Orthodox,1,1,3.74,51%,1.86,57%,6.63,55%,25%,0,4.66,48%,3.13,58%,0.33,55%,81%,0.1,3/10/20,-7,0,3,0.8,0.7778,4,1,3,1,0,0,1,0,0,1,0,0,0,0,0,0,0,0,-2.8,0.61
18,1/25/20,"Raleigh, North Carolina, USA",Welterweight,Rafael dos Anjos,Michael Chiesa,35,32,0,0,0,68,70,73,75,41,29,5,10,14,12,3,0,9,0,0,20,16,0,11,5,4,1,3,0,0,0,Southpaw,Southpaw,1,0,3.47,45%,3.18,62%,1.82,39%,58%,0.6,2.07,39%,1.95,52%,3.84,51%,68%,1.1,3/10/20,3,-5,-5,0.7073,0.8,2,2,0,0,1,0,0,1,0,0,0,0,0,1,0,0,0,0,1.11,1.52
19,1/25/20,"Raleigh, North Carolina, USA",Flyweight,Alex Perez,Jordan Espinosa,27,30,1,0,0,66,65,66,69,27,22,4,6,12,5,1,3,1,0,0,21,14,2,7,5,6,0,3,3,0,1,Orthodox,Orthodox,1,0,4.48,47%,2.99,62%,3.27,50%,87%,1.5,4.25,55%,3,56%,0.85,20%,83%,0.4,3/10/20,-3,0,-4,0.8148,0.6667,-1,3,-4,1,0,0,1,0,0,1,0,0,0,0,0,0,0,0,-1.26,1.48
20,1/25/20,"Raleigh, North Carolina, USA",Women's Strawweight,Hannah Cifers,Angela Hill,27,35,0,1,0,61,62,63,64,13,10,5,0,5,3,1,1,1,0,0,17,10,4,0,6,7,0,2,5,0,0,Orthodox,Orthodox,1,0,4.82,45%,5.55,53%,0.32,100%,64%,0.3,5.74,49%,5.13,64%,0.5,37%,72%,0.2,3/10/20,-8,-2,-2,0.7692,0.5882,1,1,0,1,0,0,1,0,0,1,0,0,0,0,0,0,0,0,-0.19,-0.31
21,1/25/20,"Raleigh, North Carolina, USA",Light Heavyweight,Jamahal Hill,Darko Stosic,28,28,1,0,0,76,79,72,76,6,6,3,0,3,0,0,0,0,0,0,16,13,8,1,4,3,1,0,2,0,0,Southpaw,Orthodox,1,0,7.92,52%,2.82,50%,0,0%,53%,0,2.61,45%,4.04,58%,3.42,50%,83%,0,3/10/20,0,4,3,1,0.8125,3,4,-1,0,1,0,1,0,0,0,0,0,1,0,0,0,0,0,0.21,3.88
22,1/18/20,"Las Vegas, Nevada, USA",Welterweight,Donald Cerrone,Conor McGregor,36,31,0,0,0,73,73,69,74,50,36,10,17,9,13,6,1,6,0,1,25,21,18,1,2,4,0,4,0,0,0,Orthodox,Southpaw,1,1,4.33,46%,4.27,53%,1.21,36%,73%,1.3,5.43,49%,4.4,55%,0.75,62%,70%,0,3/10/20,5,4,-1,0.72,0.84,0,5,-5,1,0,0,0,1,0,0,1,0,0,0,0,0,0,0,-1.16,-0.07
23,1/18/20,"Las Vegas, Nevada, USA",Women's Bantamweight,Holly Holm,Raquel Pennington,38,31,1,0,0,68,69,67,67,17,12,8,0,4,5,1,1,3,0,0,18,10,1,3,6,8,1,1,6,0,0,Southpaw,Orthodox,1,0,2.75,35%,2.8,57%,0.5,27%,76%,0.1,3.32,46%,3.21,63%,1.13,27%,67%,0.8,3/10/20,7,1,2,0.7059,0.5556,1,0,1,0,1,0,1,0,0,0,0,0,1,0,0,0,0,0,-0.52,-0.46
24,1/18/20,"Las Vegas, Nevada, USA",Heavyweight,Maurice Greene,Aleksei Oleinik,33,42,0,0,0,79,80,74,80,11,8,2,4,2,3,1,0,2,0,0,71,57,8,45,4,13,7,2,4,1,0,Not Listed,Orthodox,1,0,4.19,44%,3.43,54%,0,0%,33%,0.5,3.08,50%,3.25,49%,3.01,46%,20%,2.8,3/10/20,-9,5,0,0.7273,0.8028,1,6,-5,0,0,0,1,0,0,0,0,0,0,0,0,0,0,0,0.35,0.94
25,1/18/20,"Las Vegas, Nevada, USA",Bantamweight,Brian Kelleher,Ode Osbourne,33,28,1,0,0,66,66,67,73,29,19,7,8,4,10,1,6,3,0,0,11,8,3,4,1,2,0,2,1,0,1,Switch,Southpaw,1,0,4.87,45%,5.83,54%,1.47,29%,84%,0.9,3.88,51%,2.95,43%,2.01,100%,66%,2,3/10/20,5,-1,-7,0.6552,0.7273,0,6,-6,0,0,1,0,1,0,0,0,0,0,0,0,0,1,0,1.95,1.92
26,1/18/20,"Las Vegas, Nevada, USA",Lightweight,Anthony Pettis,Diego Ferreira,33,35,0,0,0,70,72,69,74,31,22,11,7,4,9,2,1,6,0,0,18,16,3,6,7,2,1,0,1,0,0,Orthodox,Orthodox,1,0,2.97,46%,3.48,53%,0.67,54%,58%,1.2,5.07,36%,3.11,61%,1.04,27%,70%,1,3/10/20,-2,1,-2,0.7097,0.8889,2,5,-3,1,0,0,1,0,0,1,0,0,0,0,0,0,0,0,-1.59,-0.14
27,12/21/19,"Busan, South Korea",Featherweight,Chan Sung Jung,Frankie Edgar,32,38,1,1,0,67,72,66,68,20,15,5,8,2,5,3,0,2,0,0,31,23,7,4,12,7,1,0,6,1,0,Orthodox,Orthodox,1,1,4.58,41%,3.73,60%,0.78,41%,77%,0.6,3.6,40%,2.48,68%,2.34,31%,65%,0.3,3/10/20,-6,1,4,0.75,0.7419,5,2,3,1,0,0,1,0,0,1,0,0,0,0,0,0,0,0,0.13,2.1
28,12/21/19,"Busan, South Korea",Light Heavyweight,Aleksandar Rakic,Volkan Oezdemir,27,30,0,0,0,76,78,74,75,13,12,9,1,2,1,0,1,0,0,0,20,16,12,1,3,4,1,2,1,0,0,Orthodox,Orthodox,1,0,5.17,52%,2.41,53%,1.2,28%,88%,0.3,4.88,45%,4.14,55%,0.39,22%,80%,0,3/10/20,-3,2,3,0.9231,0.8,2,1,1,1,0,0,1,0,0,1,0,0,0,0,0,0,0,0,-2.47,1.03
29,12/21/19,"Busan, South Korea",Featherweight,Charles Jourdain,Dooho Choi,24,28,1,0,1,69,69,70,70,11,9,6,3,0,2,0,0,2,0,0,17,14,11,1,2,3,1,0,2,0,0,Switch,Orthodox,1,0,4.85,43%,4.89,49%,0,0%,0%,0,5.32,51%,6.38,53%,0.41,20%,50%,0,3/10/20,-4,-1,-1,0.8182,0.8235,0,0,0,0,0,1,1,0,0,0,0,0,0,0,0,1,0,0,-0.43,-1.53
30,12/21/19,"Busan, South Korea",Light Heavyweight,Mike Rodriguez,Da-Un Jung,31,31,0,0,1,76,82,76,78,14,10,8,2,0,3,0,1,2,0,1,14,12,9,2,1,2,0,1,1,0,0,Southpaw,Orthodox,1,0,4.3,52%,3.42,45%,0,0%,38%,0,6.59,43%,7.05,47%,0,0%,83%,1.1,3/10/20,0,0,4,0.7143,0.8571,6,2,4,0,1,0,1,0,0,0,0,0,1,0,0,0,0,0,-3.17,-2.75
31,12/21/19,"Busan, South Korea",Middleweight,Jun Yong Park,Marc-Andre Barriault,28,29,1,1,0,70,73,73,74,14,10,5,3,2,4,0,2,2,0,0,14,11,8,0,3,3,0,0,3,0,0,Orthodox,Orthodox,1,0,6.41,47%,4.46,59%,3.04,50%,45%,0,3.53,43%,4.2,58%,0.33,16%,68%,0,3/10/20,-1,-3,-1,0.7143,0.7857,3,1,2,1,0,0,1,0,0,1,0,0,0,0,0,0,0,0,0.93,2.21
32,12/21/19,"Busan, South Korea",Bantamweight,Liu Pingyuan,Kyung Ho Kang,26,32,0,0,1,66,72,69,73,20,15,4,6,5,6,3,1,2,0,0,25,16,2,11,3,8,1,1,6,0,1,Orthodox,Orthodox,1,0,2.36,33%,2.99,54%,0.25,20%,56%,1,2.52,44%,2.43,58%,2.53,59%,71%,1.1,3/10/20,-6,-3,-1,0.75,0.64,6,4,2,1,0,0,1,0,0,1,0,0,0,0,0,0,0,0,0.47,-0.07
33,12/14/19,"Las Vegas, Nevada, USA",Welterweight,Kamaru Usman,Colby Covington,32,31,1,0,0,72,76,71,72,16,15,6,1,8,1,0,1,0,0,0,16,15,2,5,8,1,0,1,0,0,0,Switch,Orthodox,1,1,4.6,52%,2.17,60%,3.44,50%,100%,0.2,4.17,37%,3.02,55%,4.91,51%,78%,0.2,3/24/20,1,1,4,0.9375,0.9375,4,1,3,0,0,1,1,0,0,0,0,0,0,0,0,1,0,0,-2,1.58
34,12/14/19,"Las Vegas, Nevada, USA",Featherweight,Max Holloway,Alexander Volkanovski,28,31,0,0,0,71,69,66,71,25,21,10,2,9,4,0,1,3,0,0,21,20,11,3,6,1,1,0,0,0,0,Orthodox,Orthodox,1,0,6.66,44%,4.45,62%,0.24,83%,85%,0.4,6.15,57%,3.14,59%,2.16,34%,72%,0.4,3/24/20,-3,5,-2,0.84,0.9524,-2,5,-7,1,0,0,1,0,0,1,0,0,0,0,0,0,0,0,-1.7,3.52
35,12/14/19,"Las Vegas, Nevada, USA",Women's Bantamweight,Amanda Nunes,Germaine de Randamie,31,35,1,0,0,68,69,69,71,22,18,13,3,2,4,2,1,1,0,0,12,9,4,0,5,3,1,1,1,0,0,Orthodox,Orthodox,1,0,4.34,49%,2.63,55%,2.33,47%,80%,0.7,2.72,47%,2.15,64%,0,0%,71%,0.2,3/24/20,-4,-1,-2,0.8182,0.75,1,2,-1,1,0,0,1,0,0,1,0,0,0,0,0,0,0,0,-0.09,2.19
36,12/14/19,"Las Vegas, Nevada, USA",Bantamweight,José Aldo,Marlon Moraes,33,31,0,0,0,67,70,66,67,33,28,17,1,10,5,3,1,1,0,0,29,22,10,6,6,6,3,2,1,1,0,Orthodox,Orthodox,1,0,3.47,44%,3.18,65%,0.64,65%,91%,0.1,3.53,39%,3.69,58%,0.46,25%,66%,0.5,3/24/20,2,1,3,0.8485,0.7586,3,1,2,1,0,0,1,0,0,1,0,0,0,0,0,0,0,0,-0.35,-0.22
37,12/14/19,"Las Vegas, Nevada, USA",Bantamweight,Petr Yan,Urijah Faber,27,40,1,0,0,67,67,66,67,14,13,5,1,7,1,0,0,1,0,0,45,35,10,17,8,10,3,0,7,0,0,Switch,Orthodox,1,0,5.65,46%,3.15,67%,1.73,53%,87%,0.2,2.65,40%,2.59,64%,1.54,30%,58%,0.8,3/24/20,-13,1,0,0.9286,0.7778,0,1,-1,0,0,1,1,0,0,0,0,0,0,0,0,1,0,0,0.5,3.06
38,12/7/19,"Washington, DC, USA",Heavyweight,Alistair Overeem,Jairzinho Rozenstuik,39,32,0,0,0,76,80,76,78,63,45,23,17,5,17,13,1,3,0,1,9,9,8,0,1,0,0,0,0,0,0,Orthodox,Orthodox,1,1,3.54,62%,2.15,59%,1.39,53%,73%,0.9,3.72,46%,3.05,32%,0,0%,75%,0,3/24/20,7,0,2,0.7143,1,4,2,2,1,0,0,1,0,0,1,0,0,0,0,0,0,0,0,-1.57,0.49
39,12/7/19,"Washington, DC, USA",Heavyweight,Ben Rothwell,Stefan Struve,38,32,1,0,0,76,78,81,84,48,36,27,6,3,12,4,2,6,0,0,44,33,8,18,7,11,7,1,3,0,0,Orthodox,Orthodox,1,0,3.34,42%,4.58,46%,0.66,33%,69%,0.3,3.13,47%,4,46%,0.58,50%,55%,1.7,3/24/20,6,-5,-6,0.75,0.75,2,3,-1,1,0,0,1,0,0,1,0,0,0,0,0,0,0,0,1.45,-0.66
40,12/7/19,"Washington, DC, USA",Women's Bantamweight,Yana Kunitskaya,Aspen Ladd,30,25,0,0,0,66,68,66,66,17,12,7,1,4,4,1,2,1,0,1,9,8,5,1,2,1,1,0,0,0,0,Orthodox,Orthodox,1,0,5.05,52%,4.12,49%,2.39,53%,20%,0.3,5.22,55%,4.84,46%,2.45,75%,66%,1.2,3/24/20,5,0,2,0.7059,0.8889,2,0,2,1,0,0,1,0,0,1,0,0,0,0,0,0,0,0,-1.1,0.21
41,12/7/19,"Washington, DC, USA",Bantamweight,Rob Font,Ricky Simon,32,27,1,0,0,68,71,66,69,20,16,7,4,5,4,0,1,3,0,0,17,15,5,2,8,2,1,1,0,0,0,Orthodox,Orthodox,1,0,5.11,41%,3.89,63%,1.25,36%,50%,0.8,2.96,40%,3.79,65%,6.53,49%,71%,0.2,3/24/20,5,2,2,0.8,0.8824,3,3,0,1,0,0,1,0,0,1,0,0,0,0,0,0,0,0,0.93,1.32
42,11/16/19,"Sao Paulo, Sao Paulo, Brazil",Light Heavyweight,Ronaldo Jacare Souza,Jan Blachowicz,39,36,0,1,0,73,72,74,78,34,26,8,14,4,7,3,0,4,0,1,32,24,6,9,9,8,2,1,5,0,0,Orthodox,Orthodox,1,1,2.54,46%,2.81,62%,2.46,38%,60%,1.4,3.45,48%,2.77,54%,1.16,52%,65%,0.3,3/24/20,3,-1,-6,0.7647,0.75,-1,4,-5,1,0,0,1,0,0,1,0,0,0,0,0,0,0,0,-0.64,-0.23
43,11/16/19,"Sao Paulo, Sao Paulo, Brazil",Lightweight,Charles Oliveira,Jared Gordon,30,31,1,1,0,70,74,69,68,36,27,7,18,2,8,4,3,1,0,1,18,15,6,2,7,3,3,0,0,0,0,Orthodox,Orthodox,1,0,3.27,51%,3.08,54%,2.61,42%,57%,2.8,6.26,54%,3.9,58%,2.98,39%,57%,0,3/24/20,-1,1,6,0.75,0.8333,4,-1,5,1,0,0,1,0,0,1,0,0,0,0,0,0,0,0,-3.18,-0.63
44,11/16/19,"Sao Paulo, Sao Paulo, Brazil",Middleweight,Antonio Arroyo,Andre Muniz,30,30,0,1,1,75,73,73,78,11,9,4,4,1,2,0,2,0,0,0,22,18,4,12,2,4,4,0,0,0,0,Orthodox,Southpaw,1,0,3.12,69%,1.87,43%,1.95,41%,44%,0.4,2.27,59%,1.79,46%,2.83,35%,33%,1.4,3/24/20,0,2,-5,0.8182,0.8182,-2,5,-7,1,0,0,0,1,0,0,1,0,0,0,0,0,0,0,-0.4,1.33
45,11/16/19,"Sao Paulo, Sao Paulo, Brazil",Middleweight,Wellington Turman,Markus Perez,23,29,1,1,1,72,72,73,73,18,15,4,7,4,3,0,0,3,0,0,14,12,3,6,3,2,0,0,2,0,0,Orthodox,Orthodox,1,0,2.43,42%,3.3,43%,3,37%,100%,1,2.75,48%,3.96,52%,1.08,26%,80%,1.1,3/24/20,-6,-1,-1,0.8333,0.8571,0,0,0,1,0,0,1,0,0,1,0,0,0,0,0,0,0,0,0.55,-1.53
46,11/9/19,"Moscow, Moscow, Russia",Featherweight,Calvin Kattar,Zabit Magomedsharipov,31,28,0,0,1,71,72,73,73,23,20,9,3,8,3,0,1,2,0,0,18,17,6,7,4,1,0,1,0,0,0,Orthodox,Orthodox,1,1,5.12,41%,6.36,57%,0.47,33%,77%,0,4.89,48%,3,64%,5.22,56%,77%,0.8,3/30/20,3,-2,-1,0.8696,0.9444,1,0,1,1,0,0,1,0,0,1,0,0,0,0,0,0,0,0,1.47,2.12
47,11/9/19,"Moscow, Moscow, Russia",Heavyweight,Alexander Volkov,Greg Hardy,31,31,1,1,0,79,80,77,80,37,30,20,3,7,7,2,2,3,0,0,7,5,5,0,0,1,0,0,1,0,1,Orthodox,Orthodox,1,0,5.36,60%,2.48,58%,0.75,75%,76%,0.2,4.77,49%,3.21,56%,0,0%,83%,0,3/30/20,0,2,0,0.8108,0.7143,1,3,-2,1,0,0,1,0,0,1,0,0,0,0,0,0,0,0,-2.29,2.15
48,11/9/19,"Moscow, Moscow, Russia",Welterweight,Zelim Imadaev,Danny Roberts,24,32,0,1,0,72,76,73,74,9,8,8,0,0,1,0,0,1,0,0,21,16,7,5,4,5,3,2,0,0,0,Orthodox,Southpaw,1,0,3.69,41%,3.37,45%,0.6,50%,63%,0,3.41,44%,3.08,55%,0.18,6%,53%,0.4,3/30/20,-8,-1,2,0.8889,0.7619,4,1,3,1,0,0,0,1,0,0,1,0,0,0,0,0,0,0,-0.04,0.61
49,11/9/19,"Moscow, Moscow, Russia",Light Heavyweight,Ed Herman,Khadis Ibragimov,39,24,1,0,1,73,77,75,78,40,25,7,13,5,14,3,6,5,0,1,9,8,2,3,3,1,0,1,0,0,0,Orthodox,Orthodox,1,0,3.33,49%,3.13,44%,2.2,48%,59%,1.2,5.23,52%,6,50%,1.67,30%,100%,0,3/30/20,15,-2,-1,0.625,0.8889,4,3,1,1,0,0,1,0,0,1,0,0,0,0,0,0,0,0,-2.1,-2.67
50,11/9/19,"Moscow, Moscow, Russia",Welterweight,Ramazan Emeev,Anthony Rocco Martin,32,29,0,1,0,70,76,72,73,21,18,3,7,8,3,1,1,1,0,0,21,16,1,9,6,5,0,2,3,0,0,Southpaw,Orthodox,1,0,2.38,43%,1.73,70%,1.5,22%,80%,0.2,2.7,36%,2.45,59%,0.68,25%,64%,1.1,3/30/20,3,-2,3,0.8571,0.7619,6,1,5,0,1,0,1,0,0,0,0,0,1,0,0,0,0,0,-0.97,-0.07
51,11/9/19,"Moscow, Moscow, Russia",Light Heavyweight,Shamil Gamzatov,Klidson Farias de Abreu,29,26,1,1,0,74,76,72,74,13,13,5,5,3,0,0,0,0,0,0,18,15,4,10,1,3,2,0,1,0,0,Orthodox,Orthodox,1,0,4.27,46%,2.13,58%,0,0%,50%,0,2.02,39%,2.71,56%,0.67,20%,80%,0,3/30/20,3,2,2,1,0.8333,2,2,0,1,0,0,1,0,0,1,0,0,0,0,0,0,0,0,0.11,1.56
52,11/2/19,"New York City, New York, USA",Welterweight,Nate Diaz,Jorge Masvidal,34,34,0,0,0,72,76,71,74,32,21,5,12,4,11,1,1,9,0,0,48,34,15,2,17,13,1,2,10,0,0,Southpaw,Orthodox,1,1,4.62,45%,3.78,53%,1.19,30%,42%,1.4,4.33,47%,2.94,66%,1.7,59%,78%,0.4,3/30/20,0,1,2,0.6563,0.7083,4,3,1,0,1,0,1,0,0,0,0,0,1,0,0,0,0,0,-0.55,1.68
53,11/2/19,"New York City, New York, USA",Middleweight,Darren Till,Kelvin Gastelum,26,28,1,0,0,72,74,69,71,20,17,10,2,5,2,1,1,0,1,0,21,16,6,5,5,4,0,1,3,0,1,Southpaw,Southpaw,1,0,2.41,46%,3.03,59%,0.66,41%,82%,0,3.75,43%,3.01,59%,0.8,35%,62%,0.1,3/30/20,-2,3,3,0.85,0.7619,2,2,0,0,1,0,0,1,0,0,0,0,0,1,0,0,0,0,-0.72,-0.6
54,11/2/19,"New York City, New York, USA",Welterweight,Vicente Luque,Stephen Thompson,27,36,0,0,0,71,75,72,75,24,17,9,6,2,6,0,2,4,1,0,19,14,7,1,6,4,1,0,3,1,0,Orthodox,Orthodox,1,0,5.18,53%,5.34,51%,0.82,50%,64%,1,3.93,44%,2.73,59%,0.36,45%,78%,0,3/30/20,-9,-1,0,0.7083,0.7368,4,3,1,1,0,0,1,0,0,1,0,0,0,0,0,0,0,0,1.41,2.45
55,11/2/19,"New York City, New York, USA",Heavyweight,Derrick Lewis,Blagoy Ivanov,34,33,1,0,0,75,79,71,73,29,21,18,1,2,7,4,1,2,0,1,21,18,6,6,6,2,0,1,1,0,1,Orthodox,Southpaw,1,0,2.53,49%,2.14,44%,0.48,24%,53%,0,3.09,38%,3.93,55%,1.07,62%,75%,0.2,3/30/20,1,4,6,0.7241,0.8571,4,2,2,1,0,0,0,1,0,0,1,0,0,0,0,0,0,0,-0.95,-1.4
56,11/2/19,"New York City, New York, USA",Lightweight,Gregor Gillespie,Kevin Lee,32,27,0,1,0,67,71,69,77,13,13,6,5,2,0,0,0,0,0,0,22,17,2,8,7,5,1,2,2,0,0,Orthodox,Orthodox,1,0,3.58,49%,2.14,60%,7.02,47%,0%,0.9,3.9,42%,3.23,51%,3.21,43%,75%,0.8,3/30/20,5,-2,-6,1,0.7727,4,8,-4,1,0,0,1,0,0,1,0,0,0,0,0,0,0,0,-1.76,0.35
57,10/26/19,"Kallang, Singapore",Welterweight,Demian Maia,Ben Askren,41,35,1,0,0,73,72,71,73,36,27,3,13,11,9,1,0,8,0,0,21,19,6,6,7,1,1,0,0,0,1,Southpaw,Orthodox,1,1,1.82,43%,2.03,63%,2.55,26%,61%,1,3.64,49%,5.66,36%,4.33,55%,0%,0.9,3/31/20,6,2,-1,0.75,0.9048,-1,2,-3,0,1,0,1,0,0,0,0,0,1,0,0,0,0,0,-1.61,-3.84
58,10/26/19,"Kallang, Singapore",Lightweight,Michael Johnson,Stevie Ray,33,29,0,0,0,70,73,70,70,34,20,8,2,10,14,2,8,4,0,0,31,22,6,8,8,9,2,4,3,0,0,Southpaw,Southpaw,1,0,4.22,37%,3.92,58%,0.52,45%,78%,0.1,3.73,44%,2.93,54%,0.75,46%,55%,0.6,3/31/20,4,0,3,0.5882,0.7097,3,0,3,0,1,0,0,1,0,0,0,0,0,1,0,0,0,0,0.19,1.29
59,10/26/19,"Kallang, Singapore",Lightweight,Beneil Dariush,Frank Camacho,30,30,1,0,0,70,72,70,73,21,16,3,7,6,4,3,1,0,1,0,29,22,17,2,3,7,4,1,2,0,0,Southpaw,Orthodox,1,0,3.87,49%,2.65,59%,1.8,33%,80%,1.1,6.68,46%,7.14,52%,1.18,45%,72%,0,3/31/20,0,0,-1,0.7619,0.7586,2,3,-1,0,1,0,1,0,0,0,0,0,1,0,0,0,0,0,-4.03,-3.27
60,10/26/19,"Kallang, Singapore",Heavyweight,Don'Tale Mayes,Ciryl Gane,27,29,0,0,0,78,81,76,81,9,7,4,1,2,2,1,0,1,0,0,4,4,2,2,0,0,0,0,0,0,0,Orthodox,Orthodox,1,0,4.25,44%,4.66,42%,0,0%,66%,0,5.12,49%,2.09,73%,1.32,60%,100%,0.9,3/31/20,-2,2,0,0.7778,1,3,5,-2,1,0,0,1,0,0,1,0,0,0,0,0,0,0,0,-0.46,2.16
61,10/26/19,"Kallang, Singapore",Welterweight,Muslim Salikhov,Laureano Staropoli,35,26,1,0,0,71,70,73,71,17,15,12,2,1,2,0,2,0,0,0,10,9,5,2,2,1,1,0,0,0,0,Orthodox,Orthodox,1,0,2.92,46%,1.97,68%,1.22,42%,72%,0,4.29,31%,4.22,57%,0.33,25%,50%,0,3/31/20,9,-2,-1,0.8824,0.9,-1,-2,1,1,0,0,1,0,0,1,0,0,0,0,0,0,0,0,-2.32,-1.3
62,10/18/19,"Boston, Massachusetts, USA",Light Heavyweight,Chris Weidman,Dominick Reyes,35,29,0,0,0,74,78,76,77,18,14,6,4,4,4,4,0,0,0,0,11,11,6,2,3,0,0,0,0,0,0,Orthodox,Southpaw,1,1,3.14,42%,3.25,51%,3.82,50%,73%,1,4.88,49%,3,48%,0.24,16%,82%,0.2,3/31/20,6,-2,1,0.7778,1,4,1,3,1,0,0,0,1,0,0,1,0,0,0,0,0,0,0,-1.63,0.14
63,10/18/19,"Boston, Massachusetts, USA",Featherweight,Yair Rodríguez,Jeremy Stephens,27,33,1,0,0,71,71,69,71,15,12,4,3,5,2,2,0,0,0,1,45,28,19,2,7,16,2,3,11,0,1,Orthodox,Orthodox,1,0,4.33,45%,3.13,57%,0.9,29%,63%,0.9,3.09,40%,2.98,58%,1.18,38%,65%,0.4,3/31/20,-6,2,0,0.8,0.6222,0,2,-2,1,0,0,1,0,0,1,0,0,0,0,0,0,0,0,0.04,1.35
64,10/18/19,"Boston, Massachusetts, USA",Lightweight,Jonathan Pearce,Joe Lauzon,27,35,0,0,1,72,71,70,71,12,9,7,1,1,3,0,2,1,0,0,43,27,8,17,2,16,6,3,7,0,0,Switch,Orthodox,1,0,11.21,57%,7.85,47%,4.48,50%,80%,0,2.84,39%,5.39,54%,2.39,45%,54%,2,3/31/20,-8,2,0,0.75,0.6279,-1,1,-2,0,0,1,1,0,0,0,0,0,0,0,0,1,0,0,5.01,5.82
65,10/18/19,"Boston, Massachusetts, USA",Women's Flyweight,Maycee Barber,Gillian Robertson,21,24,1,0,0,65,65,65,63,7,7,4,2,1,1,0,0,1,0,0,10,7,1,5,1,3,0,1,2,0,0,Switch,Not Listed,1,0,6.02,60%,3.15,49%,0.95,30%,80%,0.3,2.18,50%,2.75,54%,3.44,47%,0%,1.3,3/31/20,-3,0,2,1,0.7,0,-2,2,0,0,1,0,0,0,0,0,0,0,0,0,0,0,0,0.97,3.27
66,10/18/19,"Boston, Massachusetts, USA",Middleweight,Deron Winn,Darren Stewart,30,28,0,0,0,66,70,72,74,6,6,4,0,2,0,0,0,0,0,0,15,10,7,0,3,4,0,2,2,0,1,Orthodox,Orthodox,1,0,5.95,47%,5.95,52%,2.49,35%,0%,0,2.94,44%,2.44,54%,1.38,44%,65%,0,3/31/20,2,-6,-4,1,0.6667,4,2,2,1,0,0,1,0,0,1,0,0,0,0,0,0,0,0,3.01,3.51
67,10/12/19,"Tampa, Florida, USA",Women's Strawweight,Joanna Jedrzejczyk,Michelle Waterson,32,33,1,0,0,66,65,63,62,18,15,4,1,10,3,1,0,2,0,0,23,17,3,9,5,6,1,3,2,0,0,Orthodox,Orthodox,1,1,6.3,48%,3.08,64%,0.28,62%,81%,0.1,3.35,53%,3.88,48%,1.88,50%,57%,1.2,4/1/20,-1,3,3,0.8333,0.7391,-1,-1,0,1,0,0,1,0,0,1,0,0,0,0,0,0,0,0,-0.27,2.42
68,10/12/19,"Tampa, Florida, USA",Featherweight,Kron Gracie,Cub Swanson,31,35,0,0,0,69,70,68,70,5,5,0,5,0,0,0,0,0,0,0,36,25,11,4,10,11,1,7,3,0,0,Southpaw,Orthodox,1,0,5.15,41%,8.13,53%,0.88,25%,0%,0.9,4.59,49%,3.65,61%,1.06,50%,60%,0.5,4/1/20,-4,1,0,1,0.6944,1,2,-1,0,1,0,1,0,0,0,0,0,1,0,0,0,0,0,3.54,1.5
69,10/12/19,"Tampa, Florida, USA",Welterweight,Niko Price,James Vick,30,32,1,0,0,72,76,75,76,17,13,9,3,1,3,2,1,0,0,1,17,13,3,5,5,4,3,0,1,0,0,Orthodox,Orthodox,1,0,3.06,34%,4.46,51%,1.08,23%,61%,1.3,4.13,39%,3.31,60%,0.26,33%,57%,0.7,4/1/20,-2,-3,0,0.7647,0.7647,4,1,3,1,0,0,1,0,0,1,0,0,0,0,0,0,0,0,0.33,-0.25
70,10/12/19,"Tampa, Florida, USA",Women's Strawweight,Mackenzie Dern,Amanda Ribas,26,26,0,0,0,64,63,63,66,7,7,0,4,3,0,0,0,0,0,0,8,7,3,3,1,1,1,0,0,0,0,Orthodox,Orthodox,1,0,3.24,32%,4.07,64%,0.46,8%,0%,0.9,4.84,44%,1.7,74%,2.02,50%,85%,1.6,4/1/20,0,1,-3,1,0.875,-1,3,-4,1,0,0,1,0,0,1,0,0,0,0,0,0,0,0,-0.77,1.54
71,10/12/19,"Tampa, Florida, USA",Lightweight,Matt Frevola,Luis Peña,29,26,1,0,0,69,71,75,75,9,7,1,3,3,1,1,0,0,1,0,8,7,2,4,1,1,0,0,1,0,0,Orthodox,Southpaw,1,0,3.19,39%,3.47,60%,3.3,40%,75%,1.4,3.32,46%,2.47,51%,1,29%,45%,1,4/1/20,3,-6,-4,0.7778,0.875,2,0,2,1,0,0,0,1,0,0,1,0,0,0,0,0,0,0,0.15,0.72
72,10/12/19,"Tampa, Florida, USA",Middleweight,Gerald Meerschaert,Eryk Anders,31,32,0,0,0,73,77,73,75,41,30,6,22,2,11,1,8,2,0,0,16,12,8,1,3,4,1,0,3,0,0,Southpaw,Southpaw,1,0,3.32,43%,3.4,52%,2.37,43%,46%,1.7,3.06,45%,4.15,52%,1.51,40%,76%,0.1,4/1/20,-1,0,2,0.7317,0.75,4,2,2,0,1,0,0,1,0,0,0,0,0,1,0,0,0,0,0.34,-0.83
73,10/5/19,"Melbourne, Victoria, Australia",Middleweight,Israel Adesanya,Robert Whittaker,30,28,1,1,1,76,80,72,73,17,17,13,0,4,0,0,0,0,0,0,24,20,9,5,6,4,1,1,2,0,0,Switch,Orthodox,1,1,3.96,48%,2.4,65%,0,0%,86%,0.3,4.77,39%,3.7,61%,0.36,57%,84%,0,4/1/20,2,4,7,1,0.8333,4,1,3,0,0,1,1,0,0,0,0,0,0,0,0,1,0,0,-2.37,0.26
74,10/5/19,"Melbourne, Victoria, Australia",Lightweight,Al Iaquinta,Dan Hooker,32,29,0,0,1,70,70,72,75,20,14,7,1,6,5,0,3,3,1,0,26,18,10,7,1,8,1,2,5,0,0,Orthodox,Switch,1,0,4.06,40%,4.44,61%,0.64,18%,74%,0.2,4.76,45%,4.67,55%,0.43,28%,78%,0.3,4/1/20,3,-2,-5,0.7,0.6923,0,3,-3,1,0,0,0,0,1,0,0,1,0,0,0,0,0,0,-0.32,-0.61
75,10/5/19,"Melbourne, Victoria, Australia",Heavyweight,Sergey Spivak,Tai Tuivasa,24,26,1,0,1,75,78,74,75,10,9,4,5,0,1,1,0,0,0,0,11,9,8,0,1,2,1,0,1,0,0,Orthodox,Southpaw,1,0,2.08,39%,3.37,55%,3.74,66%,75%,0.6,4.09,48%,3.54,51%,0,0%,42%,0,4/1/20,-2,1,3,0.9,0.8182,3,1,2,1,0,0,0,1,0,0,1,0,0,0,0,0,0,0,-0.72,-1.46
76,10/5/19,"Melbourne, Victoria, Australia",Welterweight,Luke Jumeau,Dhiego Lima,31,30,0,1,0,71,72,72,75,17,13,5,4,4,4,0,2,2,0,0,23,16,4,4,8,7,4,1,2,0,0,Orthodox,Orthodox,1,0,2.93,43%,3.17,58%,0.25,100%,86%,0,2.84,40%,2.96,62%,1.66,44%,66%,0.8,4/2/20,1,-1,-3,0.7647,0.6957,1,3,-2,1,0,0,1,0,0,1,0,0,0,0,0,0,0,0,0.33,-0.03
77,10/5/19,"Melbourne, Victoria, Australia",Heavyweight,Yorgan De Castro,Justin Tafa,32,25,1,0,1,72,74,72,74,5,5,4,0,1,0,0,0,0,0,0,3,3,3,0,0,0,0,0,0,0,0,Orthodox,Southpaw,1,0,3.58,53%,1.4,43%,0,0%,75%,0,3.86,66%,2.65,52%,0,0%,0%,0,4/2/20,7,0,0,1,1,2,2,0,1,0,0,0,1,0,0,1,0,0,0,0,0,0,0,-2.46,0.93
78,9/28/19,"Copenhagen, Denmark",Middleweight,Jack Hermansson,Jared Cannonier,31,35,0,0,0,73,77,71,77,24,20,11,5,4,4,1,2,1,0,0,16,12,8,2,2,4,2,0,2,0,0,Orthodox,Switch,1,1,5.13,48%,2.56,56%,2.23,36%,77%,0.7,3.72,51%,2.82,66%,0.18,33%,51%,0,4/2/20,-4,2,0,0.8333,0.75,4,6,-2,1,0,0,0,0,1,0,0,1,0,0,0,0,0,0,-1.16,2.31
79,9/28/19,"Copenhagen, Denmark",Lightweight,Mark Madsen,Danilo Belluardo,35,25,1,1,0,68,72,72,74,8,8,2,3,3,0,0,0,0,0,0,16,12,6,3,3,5,5,0,0,0,0,Orthodox,Southpaw,1,0,2.28,42%,2.53,46%,8.33,64%,0%,0,1.52,61%,4.79,41%,3.5,100%,50%,0,4/3/20,10,-4,-2,1,0.75,4,2,2,1,0,0,0,1,0,0,1,0,0,0,0,0,0,0,1.01,-2.51
80,9/28/19,"Copenhagen, Denmark",Welterweight,Gunnar Nelson,Gilbert Burns,31,33,0,0,0,71,72,70,71,22,17,4,12,1,4,1,0,3,1,0,19,16,5,8,3,3,1,0,2,0,0,Switch,Orthodox,1,0,1.71,57%,3.33,49%,1.72,55%,66%,0.9,3.13,44%,3.02,56%,2.39,38%,44%,0.7,4/3/20,-2,1,1,0.7727,0.8421,1,1,0,0,0,1,1,0,0,0,0,0,0,0,0,1,0,0,0.2,-1.31
81,9/28/19,"Copenhagen, Denmark",Light Heavyweight,Ion Cuțelaba,Khalil Rountree,25,29,1,0,0,73,75,73,76,19,14,11,2,1,4,0,2,2,0,1,13,9,6,0,3,3,1,1,1,0,1,Southpaw,Southpaw,1,0,5.29,39%,3.26,48%,2.59,71%,80%,0,3.01,40%,2.85,47%,0,0%,46%,0.2,4/3/20,-4,0,-1,0.7368,0.6923,2,3,-1,0,1,0,0,1,0,0,0,0,0,1,0,0,0,0,0.25,2.44
82,9/28/19,"Copenhagen, Denmark",Light Heavyweight,Michal Oleksiejczuk,Ovince Saint Preux,24,36,0,0,0,72,74,75,80,17,14,10,1,3,2,1,1,0,0,1,26,23,11,7,5,13,2,3,8,0,0,Southpaw,Southpaw,1,0,4.83,56%,2.91,69%,1.05,66%,35%,0,2.59,46%,2.86,44%,1.34,40%,65%,0.6,4/3/20,-12,-3,-6,0.8235,0.8846,2,5,-3,0,1,0,0,1,0,0,0,0,0,1,0,0,0,0,0.32,1.97
83,9/28/19,"Copenhagen, Denmark",Welterweight,Nicolas Dalby,Alex Oliveira,34,31,1,1,0,71,74,71,76,22,17,6,4,7,3,0,0,3,1,1,30,20,12,5,3,7,1,4,2,1,2,Orthodox,Orthodox,1,0,3.03,38%,2.91,56%,1.8,45%,58%,0,2.88,50%,2.18,47%,2.69,37%,58%,0.6,4/3/20,3,0,-2,0.7727,0.6667,3,5,-2,1,0,0,1,0,0,1,0,0,0,0,0,0,0,0,0.03,0.85
84,9/21/19,"Mexico City, Distrito Federal, Mexico",Women's Strawweight,Alexa Grasso,Carla Esparza,26,31,0,1,0,65,66,61,63,13,11,4,0,7,2,0,1,1,0,0,21,15,3,4,8,6,2,1,3,0,0,Orthodox,Not Listed,1,0,5.25,41%,3.61,63%,0.19,33%,63%,0.6,2.22,40%,2.86,53%,3.53,36%,48%,0.3,4/3/20,-5,4,3,0.8462,0.7143,1,2,-1,1,0,0,0,0,0,0,0,0,0,0,0,0,0,0,1.39,2.39
85,9/21/19,"Mexico City, Distrito Federal, Mexico",Women's Bantamweight,Irene Aldana,Vanessa Melo,31,31,1,1,0,69,68,69,68,15,10,5,3,2,5,2,0,3,0,0,15,10,0,2,8,5,1,0,4,0,0,Orthodox,Orthodox,1,0,6.16,38%,5.92,63%,0.28,50%,93%,0.1,3.6,28%,6.8,56%,0,0%,77%,0,4/4/20,0,0,0,0.6667,0.6667,-1,-1,0,1,0,0,1,0,0,1,0,0,0,0,0,0,0,0,2.32,-0.64
86,9/21/19,"Mexico City, Distrito Federal, Mexico",Featherweight,Martin Bravo,Steven Peterson,26,29,0,1,0,68,71,70,70,13,11,4,5,2,2,1,0,1,0,0,26,17,4,8,5,9,1,0,8,0,0,Southpaw,Orthodox,1,0,7.66,39%,5.72,51%,2.6,35%,85%,0,4.65,35%,5.9,56%,2.02,28%,75%,0.4,4/4/20,-3,-2,1,0.8462,0.6538,3,0,3,0,1,0,1,0,0,0,0,0,1,0,0,0,0,0,1.07,1.76
87,9/14/19,"Vancouver, British Columbia, Canada",Lightweight,Justin Gaethje,Donald Cerrone,31,26,1,0,0,71,70,71,73,22,20,17,1,2,2,2,0,0,0,0,49,36,10,17,9,12,5,1,6,0,1,Orthodox,Orthodox,1,1,8.57,55%,9.67,54%,0,0%,80%,0,4.33,46%,4.27,53%,1.21,36%,73%,1.3,4/4/20,5,0,-3,0.9091,0.7347,-1,2,-3,1,0,0,1,0,0,1,0,0,0,0,0,0,0,0,5.34,4.3
88,9/14/19,"Vancouver, British Columbia, Canada",Light Heavyweight,Nikita Krylov,Glover Teixeira,27,39,0,0,0,75,77,74,76,32,26,11,15,0,6,1,5,0,0,0,36,29,17,8,4,7,3,0,4,0,0,Orthodox,Orthodox,1,0,4.54,59%,2.45,41%,1.4,38%,52%,1.6,3.41,44%,3.84,54%,2,38%,60%,1,4/4/20,-12,1,1,0.8125,0.8056,2,2,0,1,0,0,1,0,0,1,0,0,0,0,0,0,0,0,-0.96,0.7
89,9/14/19,"Vancouver, British Columbia, Canada",Welterweight,Tristan Connelly,Michel Pereira,33,25,1,1,0,70,68,73,73,19,13,4,9,0,6,1,1,4,0,0,34,23,10,6,7,9,1,1,7,0,2,Orthodox,Orthodox,1,0,4.27,51%,2.13,57%,0,0%,60%,1,3.04,51%,3.04,52%,2,57%,100%,0,4/4/20,8,-3,-5,0.6842,0.6765,-2,0,-2,1,0,0,1,0,0,1,0,0,0,0,0,0,0,0,-0.91,1.23
90,9/14/19,"Vancouver, British Columbia, Canada",Middleweight,Antonio Carlos Junior,Uriah Hall,29,35,0,0,0,74,79,72,79,15,11,0,8,3,3,1,0,2,0,1,24,15,12,1,2,9,4,0,5,0,0,Orthodox,Orthodox,1,0,1.91,44%,1.98,53%,3.7,44%,53%,0.9,3.31,50%,3.57,53%,0.75,38%,69%,0.2,4/4/20,-6,2,0,0.7333,0.625,5,7,-2,1,0,0,1,0,0,1,0,0,0,0,0,0,0,0,-1.33,-1.66
91,9/14/19,"Vancouver, British Columbia, Canada",Light Heavyweight,Misha Cirkunov,Jim Crute,32,23,1,1,0,75,77,74,74,19,14,4,8,2,5,3,2,0,0,0,10,10,4,3,3,0,0,0,0,0,0,Orthodox,Orthodox,1,0,4.18,52%,2.89,62%,4.42,57%,71%,2.4,4.08,55%,2.23,53%,4.63,81%,60%,2.6,4/4/20,9,1,3,0.7368,1,2,0,2,1,0,0,1,0,0,1,0,0,0,0,0,0,0,0,-1.19,1.95
92,9/7/19,"Abu Dhabi, Abu Dhabi, United Arab Emirates",Lightweight,Dustin Poirier,Khabib Nurmagomedov,30,30,0,0,0,69,72,70,70,31,25,12,7,6,5,2,1,2,0,1,27,27,8,9,10,0,0,0,0,0,0,Southpaw,Orthodox,1,1,5.51,49%,3.97,56%,1.55,37%,61%,1.2,4.11,49%,1.65,67%,5.35,47%,84%,0.7,4/4/20,0,-1,2,0.8065,1,3,0,3,0,1,0,1,0,0,0,0,0,1,0,0,0,0,0,-0.14,3.86
93,9/7/19,"Abu Dhabi, Abu Dhabi, United Arab Emirates",Lightweight,Paul Felder,Edson Barboza,34,33,1,0,0,71,70,71,75,20,16,10,1,5,4,1,0,3,0,0,27,20,12,1,7,7,3,2,2,0,0,Orthodox,Orthodox,1,0,3.67,43%,3.4,49%,0.25,25%,61%,0.2,4.01,43%,4.16,60%,0.49,44%,80%,0.1,4/4/20,1,0,-5,0.8,0.7407,-1,4,-5,1,0,0,1,0,0,1,0,0,0,0,0,0,0,0,-0.61,-0.49
94,9/7/19,"Abu Dhabi, Abu Dhabi, United Arab Emirates",Lightweight,Davi Ramos,Islam Makhachev,32,27,0,0,0,66,70,70,70,12,10,1,7,2,2,0,0,2,0,0,18,17,3,7,7,1,1,0,0,0,0,Orthodox,Orthodox,1,0,2.74,39%,2.8,57%,2.42,50%,100%,0.7,2.1,56%,0.76,72%,3.4,68%,93%,0.8,4/6/20,5,-4,0,0.8333,0.9444,4,0,4,1,0,0,1,0,0,1,0,0,0,0,0,0,0,0,0.7,1.98
95,9/7/19,"Abu Dhabi, Abu Dhabi, United Arab Emirates",Heavyweight,Curtis Blaydes,Shamil Abdurakhimov,28,38,1,0,0,76,80,75,76,14,11,8,0,3,2,2,0,0,0,1,24,20,9,4,7,4,2,1,1,0,0,Orthodox,Orthodox,1,0,3.74,51%,1.86,57%,6.63,55%,25%,0,2.45,44%,2.45,58%,1.23,24%,47%,0.2,4/6/20,-10,1,4,0.7857,0.8333,4,1,3,1,0,0,1,0,0,1,0,0,0,0,0,0,0,0,-0.59,1.29
96,9/7/19,"Abu Dhabi, Abu Dhabi, United Arab Emirates",Lightweight,Mairbek Taisumov,Carlos Diego Ferreira,31,34,0,0,0,69,73,69,74,32,27,15,9,3,5,1,1,4,0,0,17,15,3,6,6,2,1,0,1,0,0,Orthodox,Orthodox,1,0,2.98,39%,3.03,64%,1.34,63%,88%,0,5.07,36%,3.11,61%,1.04,27%,70%,1,4/6/20,-3,0,-1,0.8438,0.8824,4,5,-1,1,0,0,1,0,0,1,0,0,0,0,0,0,0,0,-2.04,-0.13
97,8/31/19,"Shenzhen, Guangdong, China",Women's Strawweight,Weili Zhang,Jessica Andrade,30,27,1,1,0,64,63,61,62,20,19,9,7,4,1,0,0,1,0,0,26,20,7,7,6,6,2,2,2,0,0,Switch,Orthodox,1,1,6.38,45%,4.43,53%,1.26,23%,100%,0.5,6.55,51%,5.28,51%,3.21,58%,76%,0.5,4/6/20,3,3,1,0.95,0.7692,-1,1,-2,0,0,1,1,0,0,0,0,0,0,0,0,1,0,0,-2.12,1.1
98,8/31/19,"Shenzhen, Guangdong, China",Welterweight,Elizeu Zaleski dos Santos,Jingliang Li,32,31,0,0,1,71,73,72,71,26,21,14,3,4,5,0,2,3,0,0,21,16,6,5,5,5,0,1,4,0,0,Orthodox,Orthodox,1,0,4.17,39%,3.13,59%,0.65,20%,48%,0.5,4.51,42%,3.69,59%,1.32,39%,59%,0,4/6/20,1,-1,2,0.8077,0.7619,2,-1,3,1,0,0,1,0,0,1,0,0,0,0,0,0,0,0,-1.38,0.48
99,8/31/19,"Shenzhen, Guangdong, China",Flyweight,Kai Kara-France,Mark De La Rosa,26,25,1,0,0,64,69,66,65,27,19,9,3,7,7,2,2,3,0,1,13,11,1,6,4,2,0,1,1,0,0,Orthodox,Orthodox,1,0,5.27,38%,3.79,67%,0.6,25%,90%,0,3.28,36%,4.26,53%,0.66,15%,42%,0.2,4/6/20,1,-2,4,0.7037,0.8462,5,-1,6,1,0,0,1,0,0,1,0,0,0,0,0,0,0,0,0.51,1.01
100,8/31/19,"Shenzhen, Guangdong, China",Welterweight,Derrick Krantz,Kenan Song,31,29,0,0,1,70,72,72,71,35,24,10,11,3,11,3,5,3,0,0,19,14,7,6,1,5,2,0,3,0,0,Orthodox,Orthodox,1,0,2.07,37%,4.03,50%,3.18,50%,0%,0.8,4.3,45%,4.2,56%,0,0%,45%,0,4/6/20,2,-2,1,0.6857,0.7368,2,-1,3,1,0,0,1,0,0,1,0,0,0,0,0,0,0,0,-0.27,-2.13
101,8/31/19,"Shenzhen, Guangdong, China",Women's Flyweight,Mizuki Inoue,Yanan Wu,25,22,1,0,1,63,65,68,66,18,13,0,9,4,5,0,0,5,0,0,13,11,7,2,2,2,1,0,1,0,0,Orthodox,Orthodox,1,0,6.2,45%,8.2,54%,0,0%,100%,0,4.79,45%,4.35,52%,0.44,14%,58%,0.4,4/6/20,3,-5,-1,0.7222,0.8462,2,-2,4,1,0,0,1,0,0,1,0,0,0,0,0,0,0,0,3.41,1.85
102,2/29/20,"Norfolk, Virginia, USA",Flyweight,Joseph Benavidez,Deiveson Figueiredo,35,32,0,0,0,64,65,65,68,33,28,8,9,11,5,1,0,4,0,0,18,17,8,6,3,1,0,0,1,0,0,Southpaw,Orthodox,1,1,3.53,34%,2.55,63%,1.5,30%,65%,0.6,2.54,52%,2.76,52%,1.81,50%,61%,2.4,4/4/20,3,-1,-3,0.8485,0.9444,1,3,-2,0,1,0,1,0,0,0,0,0,1,0,0,0,0,0,0.01,0.77
103,2/29/20,"Norfolk, Virginia, USA",Women's Featherweight,Felicia Spencer,Zarah Fairn dos Santos,29,33,1,0,0,66,68,68,72,8,7,1,4,2,1,0,0,1,0,0,9,6,4,0,2,3,0,1,2,0,0,Orthodox,Orthodox,1,0,4.54,55%,6.27,44%,1.36,16%,0%,0.7,1.98,45%,6.61,39%,0,0%,50%,0,4/4/20,-4,-2,-4,0.875,0.6667,2,4,-2,1,0,0,1,0,0,1,0,0,0,0,0,0,0,0,4.29,-2.07
104,2/29/20,"Norfolk, Virginia, USA",Light Heavyweight,Ion Cuțelaba,Magomed Ankalaev,26,27,0,0,0,73,75,75,75,20,15,12,2,1,4,0,2,2,0,1,13,12,7,0,5,1,0,1,0,0,0,Southpaw,Orthodox,1,0,5.29,39%,3.26,48%,2.59,71%,80%,0,3.46,56%,1.24,67%,0.68,33%,85%,0,4/4/20,-1,-2,0,0.75,0.9231,2,0,2,0,1,0,1,0,0,0,0,0,1,0,0,0,0,0,-0.2,4.05
105,2/29/20,"Norfolk, Virginia, USA",Women's Featherweight,Megan Anderson,Norma Dumont,30,29,1,0,0,72,72,67,67,14,10,5,3,2,4,0,2,2,0,0,4,4,0,2,2,0,0,0,0,0,0,Orthodox,Orthodox,1,0,1.82,46%,2.94,38%,0.56,33%,53%,0.6,1.42,31%,1.99,50%,4.27,33%,100%,0,4/4/20,1,5,5,0.7143,1,0,0,0,1,0,0,1,0,0,1,0,0,0,0,0,0,0,0,1.52,-0.17
106,2/29/20,"Norfolk, Virginia, USA",Featherweight,Darrick Minner,Grant Dawson,29,26,0,0,0,67,69,70,72,34,24,1,21,2,10,2,7,1,0,0,15,14,3,10,1,1,1,0,0,0,0,Orthodox,Switch,1,0,2.3,55%,2.19,39%,1.65,33%,33%,3.3,3.48,48%,2.15,45%,5.09,48%,33%,2.5,4/4/20,3,-3,-3,0.7059,0.9333,2,2,0,1,0,0,0,0,1,0,0,1,0,0,0,0,0,0,-1.29,0.15
107,3/7/20,"Las Vegas, Nevada, USA",Middleweight,Israel Adesanya,Yoel Romero,30,42,1,0,0,76,80,72,73,18,18,14,0,4,0,0,0,0,0,0,17,13,11,0,2,4,1,0,3,0,0,Switch,Southpaw,1,1,3.96,48%,2.4,65%,0,0%,86%,0.3,3.44,49%,3.05,60%,1.57,30%,78%,0,4/4/20,-12,4,7,1,0.7647,4,1,3,0,0,1,0,1,0,0,0,0,0,0,0,0,1,0,-1.04,0.91
108,3/7/20,"Las Vegas, Nevada, USA",Women's Strawweight,Joanna Jedrzejczyk,Weili Zhang,32,30,0,0,0,66,65,64,63,19,16,4,1,11,3,1,0,2,0,0,21,20,10,7,3,1,0,0,1,0,0,Orthodox,Switch,1,0,6.3,48%,3.08,64%,0.28,62%,81%,0.1,6.38,45%,4.43,53%,1.26,23%,100%,0.5,4/4/20,2,2,2,0.8421,0.9524,-1,-1,0,1,0,0,0,0,1,0,0,1,0,0,0,0,0,0,-3.3,1.87
109,3/7/20,"Las Vegas, Nevada, USA",Lightweight,Beneil Dariush,Drakkar Klose,30,31,1,0,0,70,72,69,70,22,17,3,8,6,4,3,1,0,1,0,13,11,4,0,7,1,0,0,1,1,0,Southpaw,Orthodox,1,0,3.87,49%,2.65,59%,1.8,33%,80%,1.1,3.89,53%,3.64,53%,1.56,30%,68%,0,4/4/20,-1,1,2,0.7727,0.8462,2,1,1,0,1,0,1,0,0,0,0,0,1,0,0,0,0,0,-1.24,0.23
110,3/7/20,"Las Vegas, Nevada, USA",Welterweight,Jingliang Li,Neil Magny,31,32,0,0,0,72,71,75,80,22,17,7,5,5,5,0,1,4,0,0,29,21,7,3,11,8,3,4,1,0,0,Orthodox,Orthodox,1,0,4.51,42%,3.69,59%,1.32,39%,59%,0,3.93,46%,2.15,57%,2.7,47%,59%,0.3,4/4/20,-1,-3,-9,0.7727,0.7241,-1,5,-6,1,0,0,1,0,0,1,0,0,0,0,0,0,0,0,-0.24,2.36
111,3/7/20,"Las Vegas, Nevada, USA",Welterweight,Alex Oliveira,Max Griffin,32,34,1,0,0,71,76,71,76,31,20,12,5,3,8,1,4,3,1,2,22,15,7,2,6,7,1,0,6,0,0,Orthodox,Orthodox,1,0,2.88,50%,2.18,47%,2.69,37%,58%,0.6,3.87,49%,3.93,55%,1.9,55%,66%,0.5,4/4/20,-2,0,0,0.6452,0.6818,5,5,0,1,0,0,1,0,0,1,0,0,0,0,0,0,0,0,-1.69,-1.05
112,3/14/20,"Brasilia, Distrito Federal, Brazil",Lightweight,Kevin Lee,Charles Oliveira,27,30,0,0,1,69,77,70,74,23,18,3,8,7,5,1,2,2,0,0,37,28,8,18,2,8,4,3,1,0,1,Orthodox,Orthodox,1,1,3.9,42%,3.23,51%,3.21,43%,75%,0.8,3.27,51%,3.08,54%,2.61,42%,57%,2.8,4/7/20,-3,-1,3,0.7826,0.7568,8,4,4,1,0,0,1,0,0,1,0,0,0,0,0,0,0,0,-0.04,0.82
113,3/14/20,"Brasilia, Distrito Federal, Brazil",Welterweight,Gilbert Burns,Demian Maia,33,42,1,1,1,70,71,71,72,20,17,5,8,4,3,1,0,2,0,0,37,28,3,14,11,9,1,0,8,0,0,Orthodox,Southpaw,1,0,3.13,44%,3.02,56%,2.39,38%,44%,0.7,1.82,43%,2.03,63%,2.55,26%,61%,1,4/7/20,-9,-1,-1,0.85,0.7568,1,1,0,1,0,0,0,1,0,0,1,0,0,0,0,0,0,0,1.2,1.1
114,3/14/20,"Brasilia, Distrito Federal, Brazil",Lightweight,Damir Hadžović,Renato Moicano,33,30,0,0,1,69,70,71,72,18,13,7,3,3,5,1,0,4,0,0,17,13,0,6,7,3,2,1,0,1,0,Orthodox,Orthodox,1,0,2.99,46%,2.99,66%,0.68,60%,39%,0.2,5.49,46%,3.67,66%,1.34,58%,76%,0.6,4/7/20,3,-2,-2,0.7222,0.7647,1,1,0,1,0,0,1,0,0,1,0,0,0,0,0,0,0,0,-2.5,-0.68
115,3/14/20,"Brasilia, Distrito Federal, Brazil",Light Heavyweight,Nikita Krylov,Johnny Walker,28,27,1,0,1,75,77,78,82,33,26,11,15,0,7,1,5,1,0,0,21,17,14,2,1,4,3,1,0,0,0,Orthodox,Orthodox,1,0,4.54,59%,2.45,41%,1.4,38%,52%,1.6,4.01,70%,3.58,30%,0.43,100%,69%,1.3,4/7/20,1,-3,-5,0.7879,0.8095,2,4,-2,1,0,0,1,0,0,1,0,0,0,0,0,0,0,0,-1.56,0.96
116,3/14/20,"Brasilia, Distrito Federal, Brazil",Lightweight,John Makdessi,Francisco Trinaldo,34,41,0,0,1,68,68,69,70,23,17,9,0,8,6,2,1,3,0,0,31,24,8,5,11,7,0,3,4,0,0,Orthodox,Southpaw,1,0,5.36,51%,3.76,70%,0,0%,88%,0,3.13,43%,2.59,59%,1.02,44%,61%,0.5,4/7/20,-7,-1,-2,0.7391,0.7742,0,1,-1,1,0,0,0,1,0,0,1,0,0,0,0,0,0,0,0.63,2.77
117,8/17/19,"Anaheim, California, USA",Heavyweight,Stipe Miocic,Daniel Cormier,36,40,1,0,1,76,80,71,72,21,18,14,0,4,3,2,0,1,0,0,24,22,10,5,7,1,0,0,1,0,1,Orthodox,Orthodox,1,1,4.95,52%,3.69,56%,2.2,37%,73%,0,4.25,52%,2.75,56%,1.95,44%,77%,0.5,4/12/20,-4,5,8,0.8571,0.9167,4,1,3,1,0,0,1,0,0,1,0,0,0,0,0,0,0,0,-0.56,2.2
118,8/17/19,"Anaheim, California, USA",Welterweight,Anthony Pettis,Nate Diaz,32,34,0,0,1,70,72,72,76,30,22,11,7,4,8,2,1,5,0,0,32,20,5,12,3,11,1,1,9,0,0,Orthodox,Southpaw,1,0,2.97,46%,3.48,53%,0.67,54%,58%,1.2,4.62,45%,3.78,53%,1.19,30%,42%,1.4,4/12/20,-2,-2,-4,0.7333,0.625,2,4,-2,1,0,0,0,1,0,0,1,0,0,0,0,0,0,0,-1.14,-0.81
119,8/17/19,"Anaheim, California, USA",Middleweight,Paulo Costa,Yoel Romero,28,42,1,0,0,73,72,72,73,12,12,11,1,0,0,0,0,0,0,0,16,13,11,0,2,3,1,0,2,0,0,Orthodox,Southpaw,1,0,8.43,57%,6.84,53%,0,0%,80%,0,3.44,49%,3.05,60%,1.57,30%,78%,0,4/12/20,-14,1,-1,1,0.8125,-1,1,-2,1,0,0,0,1,0,0,1,0,0,0,0,0,0,0,3.4,5.38
120,8/17/19,"Anaheim, California, USA",Featherweight,Gabriel Benítez,Sodiq Yusuff,31,26,0,0,0,68,71,69,71,28,21,7,10,4,7,1,2,4,0,0,10,9,5,0,4,1,1,0,0,0,0,Southpaw,Orthodox,1,0,4.32,41%,2.93,71%,0.21,100%,56%,1.5,6.1,49%,4.06,58%,0,0%,72%,0.3,4/12/20,5,-1,0,0.75,0.9,3,2,1,0,1,0,1,0,0,0,0,0,1,0,0,0,0,0,-3.17,0.26
121,8/17/19,"Anaheim, California, USA",Middleweight,Derek Brunson,Ian Heinisch,35,31,1,0,0,73,77,71,72,26,19,11,3,5,7,5,0,2,0,0,14,13,4,2,7,1,0,1,0,0,0,Southpaw,Orthodox,1,0,3.39,45%,2.91,54%,2.8,29%,100%,0.5,3.38,50%,2.86,59%,1.18,19%,62%,0.5,4/12/20,4,2,5,0.7308,0.9286,4,1,3,0,1,0,1,0,0,0,0,0,1,0,0,0,0,0,-0.47,0.53
122,8/10/19,"Montevideo, Uruguay",Women's Flyweight,Liz Carmouche,Valentina Shevchenko,35,31,0,0,0,66,66,65,66,19,13,6,2,5,6,0,2,4,0,0,20,17,5,7,5,3,1,0,2,0,0,Orthodox,Southpaw,1,1,2.78,54%,2.51,61%,2.57,51%,65%,0.3,3.06,50%,2.12,63%,2.09,54%,77%,0.4,4/15/20,4,1,0,0.6842,0.85,0,1,-1,1,0,0,0,1,0,0,1,0,0,0,0,0,0,0,-0.55,0.66
123,8/10/19,"Montevideo, Uruguay",Welterweight,Vicente Luque,Mike Perry,27,27,1,0,0,71,75,70,71,23,16,9,6,1,6,0,2,4,1,0,17,13,11,0,2,4,0,1,3,0,0,Orthodox,Orthodox,1,0,5.18,53%,5.34,51%,0.82,50%,64%,1,4.27,47%,4.5,57%,0.61,41%,70%,0,4/15/20,0,1,4,0.6957,0.7647,4,1,3,1,0,0,1,0,0,1,0,0,0,0,0,0,0,0,1.07,0.68
124,8/10/19,"Montevideo, Uruguay",Featherweight,Humberto Bandenay,Luiz Eduardo Garagorri,24,30,0,0,1,71,71,69,70,21,14,5,6,3,6,1,4,1,0,1,12,12,4,6,2,0,0,0,0,0,0,Southpaw,Orthodox,1,0,2.22,41%,4.79,41%,2.9,46%,62%,0.5,3.75,54%,2.22,60%,0.79,100%,53%,0,4/19/20,-6,2,1,0.6667,1,0,1,-1,0,1,0,1,0,0,0,0,0,1,0,0,0,0,0,1.04,0
125,8/10/19,"Montevideo, Uruguay",Light Heavyweight,Volkan Oezdemir,Illir Latifi,29,36,1,0,0,74,75,70,73,19,15,11,1,3,4,1,2,1,0,0,22,15,6,5,4,6,3,0,3,0,1,Orthodox,Orthodox,1,0,4.88,45%,4.14,55%,0.39,22%,80%,0,2.01,40%,2.84,56%,2.02,32%,100%,0.4,4/19/20,-7,4,2,0.7895,0.6818,1,3,-2,1,0,0,1,0,0,1,0,0,0,0,0,0,0,0,2.13,2.04
126,8/10/19,"Montevideo, Uruguay",Middleweight,Oskar Piechota,Rodolfo Vieira,29,29,0,0,0,72,76,72,73,13,11,5,5,1,1,0,1,0,1,0,5,5,1,4,0,0,0,0,0,0,0,Southpaw,Orthodox,1,0,3.19,55%,3.04,54%,0.76,50%,41%,1.9,1.85,46%,2.18,49%,6.05,55%,0%,2.4,4/19/20,0,0,3,0.8462,1,4,1,3,0,1,0,1,0,0,0,0,0,1,0,0,0,0,0,1.19,1.01
127,8/10/19,"Montevideo, Uruguay",Featherweight,Enrique Barzola,Bobby Moffett,30,39,1,0,0,67,70,70,73,21,16,5,4,7,4,0,0,4,1,0,18,14,1,9,4,4,1,0,3,0,0,Orthodox,Orthodox,1,0,3.91,41%,2.97,68%,4.2,45%,66%,0.3,3.41,39%,3.15,61%,2.74,66%,66%,1.4,4/19/20,-9,-3,-3,0.7619,0.7778,3,3,0,1,0,0,1,0,0,1,0,0,0,0,0,0,0,0,-0.44,0.76